1705927233518,12,HTTP请求,200,,线程组 1-8,text,true,,223,138,8,8,http://127.0.0.1:8082/api/v1/test/query?id=1,8,0,2
1705927233471,59,HTTP请求,200,,线程组 1-7,text,true,,223,138,8,8,http://127.0.0.1:8082/api/v1/test/query?id=1,55,0,2
1705927233343,187,HTTP请求,200,,线程组 1-3,text,true,,223,138,8,8,http://127.0.0.1:8082/api/v1/test/query?id=1,183,0,42
1705927233342,186,HTTP请求,200,,线程组 1-2,text,true,,223,138,8,8,http://127.0.0.1:8082/api/v1/test/query?id=1,182,0,40
1705927233372,158,HTTP请求,200,,线程组 1-5,text,true,,223,138,8,8,http://127.0.0.1:8082/api/v1/test/query?id=1,154,0,13
1705927233342,186,HTTP请求,200,,线程组 1-1,text,true,,223,138,8,8,http://127.0.0.1:8082/api/v1/test/query?id=1,182,0,41
1705927233420,110,HTTP请求,200,,线程组 1-6,text,true,,223,138,8,8,http://127.0.0.1:8082/api/v1/test/query?id=1,106,0,2
1705927233343,187,HTTP请求,200,,线程组 1-4,text,true,,223,138,8,8,http://127.0.0.1:8082/api/v1/test/query?id=1,183,0,41
1705927233543,5,HTTP请求,200,,线程组 1-1,text,true,,223,138,8,8,http://127.0.0.1:8082/api/v1/test/query?id=1,5,0,0
1705927233543,6,HTTP请求,200,,线程组 1-6,text,true,,223,138,8,8,http://127.0.0.1:8082/api/v1/test/query?id=1,5,0,0
1705927233543,6,HTTP请求,200,,线程组 1-7,text,true,,223,138,8,8,http://127.0.0.1:8082/api/v1/test/query?id=1,5,0,0
1705927233543,6,HTTP请求,200,,线程组 1-8,text,true,,223,138,8,8,http://127.0.0.1:8082/api/v1/test/query?id=1,5,0,0
1705927233543,6,HTTP请求,200,,线程组 1-3,text,true,,223,138,8,8,http://127.0.0.1:8082/api/v1/test/query?id=1,6,0,0
1705927233543,6,HTTP请求,200,,线程组 1-5,text,true,,223,138,8,8,http://127.0.0.1:8082/api/v1/test/query?id=1,5,0,0
1705927233543,7,HTTP请求,200,,线程组 1-2,text,true,,223,138,8,8,http://127.0.0.1:8082/api/v1/test/query?id=1,6,0,0
1705927233543,8,HTTP请求,200,,线程组 1-4,text,true,,223,138,8,8,http://127.0.0.1:8082/api/v1/test/query?id=1,7,0,0
1705927233551,7,HTTP请求,200,,线程组 1-8,text,true,,223,138,8,8,http://127.0.0.1:8082/api/v1/test/query?id=1,7,0,0
1705927233550,8,HTTP请求,200,,线程组 1-1,text,true,,223,138,8,8,http://127.0.0.1:8082/api/v1/test/query?id=1,8,0,0
1705927233550,9,HTTP请求,200,,线程组 1-7,text,true,,223,138,8,8,http://127.0.0.1:8082/api/v1/test/query?id=1,8,0,0
1705927233554,5,HTTP请求,200,,线程组 1-5,text,true,,223,138,8,8,http://127.0.0.1:8082/api/v1/test/query?id=1,4,0,0
1705927233551,8,HTTP请求,200,,线程组 1-3,text,true,,223,138,8,8,http://127.0.0.1:8082/api/v1/test/query?id=1,7,0,0
1705927233554,6,HTTP请求,200,,线程组 1-4,text,true,,223,138,8,8,http://127.0.0.1:8082/api/v1/test/query?id=1,5,0,0
1705927233551,9,HTTP请求,200,,线程组 1-6,text,true,,223,138,8,8,http://127.0.0.1:8082/api/v1/test/query?id=1,8,0,0
1705927233554,6,HTTP请求,200,,线程组 1-2,text,true,,223,138,8,8,http://127.0.0.1:8082/api/v1/test/query?id=1,6,0,0
1705927233560,5,HTTP请求,200,,线程组 1-5,text,true,,223,138,8,8,http://127.0.0.1:8082/api/v1/test/query?id=1,5,0,0
1705927233560,5,HTTP请求,200,,线程组 1-3,text,true,,223,138,8,8,http://127.0.0.1:8082/api/v1/test/query?id=1,5,0,0
1705927233561,5,HTTP请求,200,,线程组 1-6,text,true,,223,138,8,8,http://127.0.0.1:8082/api/v1/test/query?id=1,4,0,0
1705927233560,6,HTTP请求,200,,线程组 1-7,text,true,,223,138,8,8,http://127.0.0.1:8082/api/v1/test/query?id=1,6,0,0
1705927233561,6,HTTP请求,200,,线程组 1-4,text,true,,223,138,8,8,http://127.0.0.1:8082/api/v1/test/query?id=1,4,0,0
1705927233560,8,HTTP请求,200,,线程组 1-8,text,true,,223,138,9,9,http://127.0.0.1:8082/api/v1/test/query?id=1,7,0,0
1705927233560,7,HTTP请求,200,,线程组 1-1,text,true,,223,138,9,9,http://127.0.0.1:8082/api/v1/test/query?id=1,5,0,0
1705927233562,7,HTTP请求,200,,线程组 1-2,text,true,,223,138,9,9,http://127.0.0.1:8082/api/v1/test/query?id=1,6,0,0
1705927233569,7,HTTP请求,200,,线程组 1-8,text,true,,223,138,9,9,http://127.0.0.1:8082/api/v1/test/query?id=1,6,0,0
1705927233568,8,HTTP请求,200,,线程组 1-3,text,true,,223,138,9,9,http://127.0.0.1:8082/api/v1/test/query?id=1,7,0,0
1705927233569,8,HTTP请求,200,,线程组 1-5,text,true,,223,138,9,9,http://127.0.0.1:8082/api/v1/test/query?id=1,7,0,0
1705927233568,9,HTTP请求,200,,线程组 1-6,text,true,,223,138,9,9,http://127.0.0.1:8082/api/v1/test/query?id=1,8,0,0
1705927233570,9,HTTP请求,200,,线程组 1-4,text,true,,223,138,9,9,http://127.0.0.1:8082/api/v1/test/query?id=1,9,0,0
1705927233571,8,HTTP请求,200,,线程组 1-1,text,true,,223,138,9,9,http://127.0.0.1:8082/api/v1/test/query?id=1,8,0,0
1705927233570,9,HTTP请求,200,,线程组 1-9,text,true,,223,138,6,6,http://127.0.0.1:8082/api/v1/test/query?id=1,9,0,4
1705927233570,10,HTTP请求,200,,线程组 1-2,text,true,,223,138,5,5,http://127.0.0.1:8082/api/v1/test/query?id=1,9,0,0
1705927233570,10,HTTP请求,200,,线程组 1-7,text,true,,223,138,5,5,http://127.0.0.1:8082/api/v1/test/query?id=1,9,0,0
1705927233580,4,HTTP请求,200,,线程组 1-9,text,true,,223,138,1,1,http://127.0.0.1:8082/api/v1/test/query?id=1,4,0,0
1705927233585,3,HTTP请求,200,,线程组 1-9,text,true,,223,138,1,1,http://127.0.0.1:8082/api/v1/test/query?id=1,3,0,0
1705927233589,3,HTTP请求,200,,线程组 1-9,text,true,,223,138,1,1,http://127.0.0.1:8082/api/v1/test/query?id=1,3,0,0
1705927233592,3,HTTP请求,200,,线程组 1-9,text,true,,223,138,1,1,http://127.0.0.1:8082/api/v1/test/query?id=1,2,0,0
1705927233617,5,HTTP请求,200,,线程组 1-10,text,true,,223,138,1,1,http://127.0.0.1:8082/api/v1/test/query?id=1,4,0,2
1705927233622,3,HTTP请求,200,,线程组 1-10,text,true,,223,138,1,1,http://127.0.0.1:8082/api/v1/test/query?id=1,2,0,0
1705927233625,3,HTTP请求,200,,线程组 1-10,text,true,,223,138,1,1,http://127.0.0.1:8082/api/v1/test/query?id=1,3,0,0
1705927233629,2,HTTP请求,200,,线程组 1-10,text,true,,223,138,1,1,http://127.0.0.1:8082/api/v1/test/query?id=1,2,0,0
1705927233632,1,HTTP请求,200,,线程组 1-10,text,true,,223,138,1,1,http://127.0.0.1:8082/api/v1/test/query?id=1,1,0,0
1705927233668,4,HTTP请求,200,,线程组 1-11,text,true,,223,138,1,1,http://127.0.0.1:8082/api/v1/test/query?id=1,3,0,1
1705927233672,3,HTTP请求,200,,线程组 1-11,text,true,,223,138,1,1,http://127.0.0.1:8082/api/v1/test/query?id=1,3,0,0
1705927233676,2,HTTP请求,200,,线程组 1-11,text,true,,223,138,1,1,http://127.0.0.1:8082/api/v1/test/query?id=1,2,0,0
1705927233678,2,HTTP请求,200,,线程组 1-11,text,true,,223,138,1,1,http://127.0.0.1:8082/api/v1/test/query?id=1,2,0,0
1705927233681,2,HTTP请求,200,,线程组 1-11,text,true,,223,138,1,1,http://127.0.0.1:8082/api/v1/test/query?id=1,1,0,0
1705927233718,3,HTTP请求,200,,线程组 1-12,text,true,,223,138,1,1,http://127.0.0.1:8082/api/v1/test/query?id=1,2,0,1
1705927233721,2,HTTP请求,200,,线程组 1-12,text,true,,223,138,1,1,http://127.0.0.1:8082/api/v1/test/query?id=1,2,0,0
1705927233724,1,HTTP请求,200,,线程组 1-12,text,true,,223,138,1,1,http://127.0.0.1:8082/api/v1/test/query?id=1,1,0,0
1705927233726,2,HTTP请求,200,,线程组 1-12,text,true,,223,138,1,1,http://127.0.0.1:8082/api/v1/test/query?id=1,1,0,0
1705927233728,2,HTTP请求,200,,线程组 1-12,text,true,,223,138,1,1,http://127.0.0.1:8082/api/v1/test/query?id=1,2,0,0
1705927233765,4,HTTP请求,200,,线程组 1-13,text,true,,223,138,1,1,http://127.0.0.1:8082/api/v1/test/query?id=1,4,0,1
1705927233769,3,HTTP请求,200,,线程组 1-13,text,true,,223,138,1,1,http://127.0.0.1:8082/api/v1/test/query?id=1,2,0,0
1705927233772,3,HTTP请求,200,,线程组 1-13,text,true,,223,138,1,1,http://127.0.0.1:8082/api/v1/test/query?id=1,3,0,0
1705927233775,3,HTTP请求,200,,线程组 1-13,text,true,,223,138,1,1,http://127.0.0.1:8082/api/v1/test/query?id=1,3,0,0
1705927233779,4,HTTP请求,200,,线程组 1-13,text,true,,223,138,1,1,http://127.0.0.1:8082/api/v1/test/query?id=1,3,0,0
1705927233815,5,HTTP请求,200,,线程组 1-14,text,true,,223,138,1,1,http://127.0.0.1:8082/api/v1/test/query?id=1,5,0,2
1705927233821,2,HTTP请求,200,,线程组 1-14,text,true,,223,138,1,1,http://127.0.0.1:8082/api/v1/test/query?id=1,2,0,0
1705927233824,2,HTTP请求,200,,线程组 1-14,text,true,,223,138,1,1,http://127.0.0.1:8082/api/v1/test/query?id=1,2,0,0
1705927233827,3,HTTP请求,200,,线程组 1-14,text,true,,223,138,1,1,http://127.0.0.1:8082/api/v1/test/query?id=1,2,0,0
1705927233830,3,HTTP请求,200,,线程组 1-14,text,true,,223,138,1,1,http://127.0.0.1:8082/api/v1/test/query?id=1,3,0,0
1705927233866,3,HTTP请求,200,,线程组 1-15,text,true,,223,138,1,1,http://127.0.0.1:8082/api/v1/test/query?id=1,3,0,1
1705927233870,2,HTTP请求,200,,线程组 1-15,text,true,,223,138,1,1,http://127.0.0.1:8082/api/v1/test/query?id=1,2,0,0
1705927233872,3,HTTP请求,200,,线程组 1-15,text,true,,223,138,1,1,http://127.0.0.1:8082/api/v1/test/query?id=1,3,0,0
1705927233875,3,HTTP请求,200,,线程组 1-15,text,true,,223,138,1,1,http://127.0.0.1:8082/api/v1/test/query?id=1,2,0,0
1705927233878,3,HTTP请求,200,,线程组 1-15,text,true,,223,138,1,1,http://127.0.0.1:8082/api/v1/test/query?id=1,2,0,0
1705927233913,4,HTTP请求,200,,线程组 1-16,text,true,,223,138,1,1,http://127.0.0.1:8082/api/v1/test/query?id=1,3,0,1
1705927233917,3,HTTP请求,200,,线程组 1-16,text,true,,223,138,1,1,http://127.0.0.1:8082/api/v1/test/query?id=1,3,0,0
1705927233921,3,HTTP请求,200,,线程组 1-16,text,true,,223,138,1,1,http://127.0.0.1:8082/api/v1/test/query?id=1,3,0,0
1705927233924,2,HTTP请求,200,,线程组 1-16,text,true,,223,138,1,1,http://127.0.0.1:8082/api/v1/test/query?id=1,2,0,0
1705927233926,2,HTTP请求,200,,线程组 1-16,text,true,,223,138,1,1,http://127.0.0.1:8082/api/v1/test/query?id=1,2,0,0
1705927233966,3,HTTP请求,200,,线程组 1-17,text,true,,223,138,1,1,http://127.0.0.1:8082/api/v1/test/query?id=1,3,0,1
1705927233970,3,HTTP请求,200,,线程组 1-17,text,true,,223,138,1,1,http://127.0.0.1:8082/api/v1/test/query?id=1,3,0,0
1705927233974,3,HTTP请求,200,,线程组 1-17,text,true,,223,138,1,1,http://127.0.0.1:8082/api/v1/test/query?id=1,3,0,0
1705927233978,2,HTTP请求,200,,线程组 1-17,text,true,,223,138,1,1,http://127.0.0.1:8082/api/v1/test/query?id=1,2,0,0
1705927233980,2,HTTP请求,200,,线程组 1-17,text,true,,223,138,1,1,http://127.0.0.1:8082/api/v1/test/query?id=1,2,0,0
1705927234014,5,HTTP请求,200,,线程组 1-18,text,true,,223,138,1,1,http://127.0.0.1:8082/api/v1/test/query?id=1,5,0,1
1705927234020,3,HTTP请求,200,,线程组 1-18,text,true,,223,138,1,1,http://127.0.0.1:8082/api/v1/test/query?id=1,3,0,0
1705927234024,2,HTTP请求,200,,线程组 1-18,text,true,,223,138,1,1,http://127.0.0.1:8082/api/v1/test/query?id=1,2,0,0
1705927234027,2,HTTP请求,200,,线程组 1-18,text,true,,223,138,1,1,http://127.0.0.1:8082/api/v1/test/query?id=1,2,0,0
1705927234029,2,HTTP请求,200,,线程组 1-18,text,true,,223,138,1,1,http://127.0.0.1:8082/api/v1/test/query?id=1,2,0,0
1705927234064,3,HTTP请求,200,,线程组 1-19,text,true,,223,138,1,1,http://127.0.0.1:8082/api/v1/test/query?id=1,3,0,1
1705927234067,2,HTTP请求,200,,线程组 1-19,text,true,,223,138,1,1,http://127.0.0.1:8082/api/v1/test/query?id=1,2,0,0
1705927234069,2,HTTP请求,200,,线程组 1-19,text,true,,223,138,1,1,http://127.0.0.1:8082/api/v1/test/query?id=1,2,0,0
1705927234072,2,HTTP请求,200,,线程组 1-19,text,true,,223,138,1,1,http://127.0.0.1:8082/api/v1/test/query?id=1,2,0,0
1705927234075,3,HTTP请求,200,,线程组 1-19,text,true,,223,138,1,1,http://127.0.0.1:8082/api/v1/test/query?id=1,3,0,0
1705927234114,2,HTTP请求,200,,线程组 1-20,text,true,,223,138,1,1,http://127.0.0.1:8082/api/v1/test/query?id=1,2,0,1
1705927234117,1,HTTP请求,200,,线程组 1-20,text,true,,223,138,1,1,http://127.0.0.1:8082/api/v1/test/query?id=1,1,0,0
1705927234119,1,HTTP请求,200,,线程组 1-20,text,true,,223,138,1,1,http://127.0.0.1:8082/api/v1/test/query?id=1,1,0,0
1705927234121,1,HTTP请求,200,,线程组 1-20,text,true,,223,138,1,1,http://127.0.0.1:8082/api/v1/test/query?id=1,1,0,0
1705927234122,2,HTTP请求,200,,线程组 1-20,text,true,,223,138,1,1,http://127.0.0.1:8082/api/v1/test/query?id=1,2,0,0
1705927507930,154,HTTP请求,200,,线程组 1-5,text,true,,223,138,10,10,http://127.0.0.1:8082/api/v1/test/query?id=1,148,0,112
1705927508084,5,HTTP请求,200,,线程组 1-10,text,true,,223,138,10,10,http://127.0.0.1:8082/api/v1/test/query?id=1,5,0,2
1705927508034,50,HTTP请求,200,,线程组 1-9,text,true,,223,138,10,10,http://127.0.0.1:8082/api/v1/test/query?id=1,44,0,8
1705927507930,154,HTTP请求,200,,线程组 1-6,text,true,,223,138,10,10,http://127.0.0.1:8082/api/v1/test/query?id=1,148,0,112
1705927507930,154,HTTP请求,200,,线程组 1-4,text,true,,223,138,10,10,http://127.0.0.1:8082/api/v1/test/query?id=1,148,0,112
1705927507929,154,HTTP请求,200,,线程组 1-3,text,true,,223,138,10,10,http://127.0.0.1:8082/api/v1/test/query?id=1,148,0,112
1705927507983,101,HTTP请求,200,,线程组 1-8,text,true,,223,138,10,10,http://127.0.0.1:8082/api/v1/test/query?id=1,95,0,59
1705927507929,154,HTTP请求,200,,线程组 1-2,text,true,,223,138,10,10,http://127.0.0.1:8082/api/v1/test/query?id=1,148,0,112
1705927507934,150,HTTP请求,200,,线程组 1-7,text,true,,223,138,10,10,http://127.0.0.1:8082/api/v1/test/query?id=1,144,0,108
1705927507929,154,HTTP请求,200,,线程组 1-1,text,true,,223,138,10,10,http://127.0.0.1:8082/api/v1/test/query?id=1,148,0,112
1705927513986,10,HTTP请求,200,,线程组 1-12,text,true,,223,138,20,20,http://127.0.0.1:8082/api/v1/test/query?id=1,9,0,2
1705927513985,12,HTTP请求,200,,线程组 1-3,text,true,,223,138,20,20,http://127.0.0.1:8082/api/v1/test/query?id=1,11,0,0
1705927513987,13,HTTP请求,200,,线程组 1-14,text,true,,223,138,20,20,http://127.0.0.1:8082/api/v1/test/query?id=1,12,0,2
1705927513987,13,HTTP请求,200,,线程组 1-1,text,true,,223,138,20,20,http://127.0.0.1:8082/api/v1/test/query?id=1,10,0,0
1705927513987,13,HTTP请求,200,,线程组 1-19,text,true,,223,138,20,20,http://127.0.0.1:8082/api/v1/test/query?id=1,10,0,1
1705927513986,16,HTTP请求,200,,线程组 1-6,text,true,,223,138,20,20,http://127.0.0.1:8082/api/v1/test/query?id=1,13,0,0
1705927513986,16,HTTP请求,200,,线程组 1-17,text,true,,223,138,20,20,http://127.0.0.1:8082/api/v1/test/query?id=1,13,0,2
1705927513987,15,HTTP请求,200,,线程组 1-15,text,true,,223,138,20,20,http://127.0.0.1:8082/api/v1/test/query?id=1,15,0,2
1705927513985,17,HTTP请求,200,,线程组 1-10,text,true,,223,138,20,20,http://127.0.0.1:8082/api/v1/test/query?id=1,13,0,0
1705927513987,19,HTTP请求,200,,线程组 1-16,text,true,,223,138,20,20,http://127.0.0.1:8082/api/v1/test/query?id=1,14,0,2
1705927513986,17,HTTP请求,200,,线程组 1-18,text,true,,223,138,20,20,http://127.0.0.1:8082/api/v1/test/query?id=1,15,0,2
1705927513986,21,HTTP请求,200,,线程组 1-11,text,true,,223,138,20,20,http://127.0.0.1:8082/api/v1/test/query?id=1,16,0,2
1705927513986,20,HTTP请求,200,,线程组 1-5,text,true,,223,138,20,20,http://127.0.0.1:8082/api/v1/test/query?id=1,15,0,0
1705927513987,19,HTTP请求,200,,线程组 1-13,text,true,,223,138,20,20,http://127.0.0.1:8082/api/v1/test/query?id=1,13,0,1
1705927513987,20,HTTP请求,200,,线程组 1-20,text,true,,223,138,20,20,http://127.0.0.1:8082/api/v1/test/query?id=1,16,0,1
1705927513986,21,HTTP请求,200,,线程组 1-9,text,true,,223,138,20,20,http://127.0.0.1:8082/api/v1/test/query?id=1,14,0,0
1705927513986,21,HTTP请求,200,,线程组 1-2,text,true,,223,138,20,20,http://127.0.0.1:8082/api/v1/test/query?id=1,16,0,0
1705927513986,23,HTTP请求,200,,线程组 1-4,text,true,,223,138,20,20,http://127.0.0.1:8082/api/v1/test/query?id=1,22,0,0
1705927513986,24,HTTP请求,200,,线程组 1-8,text,true,,223,138,20,20,http://127.0.0.1:8082/api/v1/test/query?id=1,23,0,0
1705927513985,26,HTTP请求,200,,线程组 1-7,text,true,,223,138,20,20,http://127.0.0.1:8082/api/v1/test/query?id=1,24,0,0
1705927514003,11,HTTP请求,200,,线程组 1-10,text,true,,223,138,20,20,http://127.0.0.1:8082/api/v1/test/query?id=1,11,0,0
1705927514008,11,HTTP请求,200,,线程组 1-6,text,true,,223,138,20,20,http://127.0.0.1:8082/api/v1/test/query?id=1,10,0,0
1705927514007,12,HTTP请求,200,,线程组 1-19,text,true,,223,138,20,20,http://127.0.0.1:8082/api/v1/test/query?id=1,11,0,0
1705927514006,14,HTTP请求,200,,线程组 1-12,text,true,,223,138,20,20,http://127.0.0.1:8082/api/v1/test/query?id=1,13,0,0
1705927514002,18,HTTP请求,200,,线程组 1-3,text,true,,223,138,20,20,http://127.0.0.1:8082/api/v1/test/query?id=1,16,0,0
1705927514008,12,HTTP请求,200,,线程组 1-14,text,true,,223,138,20,20,http://127.0.0.1:8082/api/v1/test/query?id=1,11,0,0
1705927514009,12,HTTP请求,200,,线程组 1-17,text,true,,223,138,20,20,http://127.0.0.1:8082/api/v1/test/query?id=1,11,0,0
1705927514010,12,HTTP请求,200,,线程组 1-2,text,true,,223,138,20,20,http://127.0.0.1:8082/api/v1/test/query?id=1,11,0,0
1705927514009,13,HTTP请求,200,,线程组 1-5,text,true,,223,138,20,20,http://127.0.0.1:8082/api/v1/test/query?id=1,11,0,0
1705927514009,14,HTTP请求,200,,线程组 1-9,text,true,,223,138,20,20,http://127.0.0.1:8082/api/v1/test/query?id=1,11,0,0
1705927514008,15,HTTP请求,200,,线程组 1-15,text,true,,223,138,20,20,http://127.0.0.1:8082/api/v1/test/query?id=1,13,0,0
1705927514009,13,HTTP请求,200,,线程组 1-11,text,true,,223,138,20,20,http://127.0.0.1:8082/api/v1/test/query?id=1,12,0,0
1705927514006,17,HTTP请求,200,,线程组 1-1,text,true,,223,138,20,20,http://127.0.0.1:8082/api/v1/test/query?id=1,16,0,0
1705927514009,15,HTTP请求,200,,线程组 1-16,text,true,,223,138,20,20,http://127.0.0.1:8082/api/v1/test/query?id=1,15,0,0
1705927514012,13,HTTP请求,200,,线程组 1-8,text,true,,223,138,20,20,http://127.0.0.1:8082/api/v1/test/query?id=1,11,0,0
1705927514009,16,HTTP请求,200,,线程组 1-13,text,true,,223,138,20,20,http://127.0.0.1:8082/api/v1/test/query?id=1,15,0,0
1705927514010,16,HTTP请求,200,,线程组 1-18,text,true,,223,138,20,20,http://127.0.0.1:8082/api/v1/test/query?id=1,16,0,0
1705927514011,16,HTTP请求,200,,线程组 1-4,text,true,,223,138,20,20,http://127.0.0.1:8082/api/v1/test/query?id=1,15,0,0
1705927514010,19,HTTP请求,200,,线程组 1-20,text,true,,223,138,20,20,http://127.0.0.1:8082/api/v1/test/query?id=1,17,0,0
1705927514012,18,HTTP请求,200,,线程组 1-7,text,true,,223,138,20,20,http://127.0.0.1:8082/api/v1/test/query?id=1,15,0,0
1705927514018,14,HTTP请求,200,,线程组 1-10,text,true,,223,138,20,20,http://127.0.0.1:8082/api/v1/test/query?id=1,13,0,0
1705927514026,10,HTTP请求,200,,线程组 1-8,text,true,,223,138,20,20,http://127.0.0.1:8082/api/v1/test/query?id=1,9,0,0
1705927514024,11,HTTP请求,200,,线程组 1-17,text,true,,223,138,20,20,http://127.0.0.1:8082/api/v1/test/query?id=1,10,0,0
1705927514023,13,HTTP请求,200,,线程组 1-19,text,true,,223,138,20,20,http://127.0.0.1:8082/api/v1/test/query?id=1,11,0,0
1705927514023,13,HTTP请求,200,,线程组 1-12,text,true,,223,138,20,20,http://127.0.0.1:8082/api/v1/test/query?id=1,11,0,0
1705927514022,14,HTTP请求,200,,线程组 1-6,text,true,,223,138,20,20,http://127.0.0.1:8082/api/v1/test/query?id=1,13,0,0
1705927514024,12,HTTP请求,200,,线程组 1-3,text,true,,223,138,20,20,http://127.0.0.1:8082/api/v1/test/query?id=1,11,0,0
1705927514026,10,HTTP请求,200,,线程组 1-1,text,true,,223,138,20,20,http://127.0.0.1:8082/api/v1/test/query?id=1,9,0,0
1705927514025,13,HTTP请求,200,,线程组 1-11,text,true,,223,138,20,20,http://127.0.0.1:8082/api/v1/test/query?id=1,12,0,0
1705927514026,13,HTTP请求,200,,线程组 1-15,text,true,,223,138,20,20,http://127.0.0.1:8082/api/v1/test/query?id=1,11,0,0
1705927514024,14,HTTP请求,200,,线程组 1-14,text,true,,223,138,20,20,http://127.0.0.1:8082/api/v1/test/query?id=1,13,0,0
1705927514026,13,HTTP请求,200,,线程组 1-2,text,true,,223,138,20,20,http://127.0.0.1:8082/api/v1/test/query?id=1,12,0,0
1705927514026,14,HTTP请求,200,,线程组 1-5,text,true,,223,138,20,20,http://127.0.0.1:8082/api/v1/test/query?id=1,13,0,0
1705927514025,15,HTTP请求,200,,线程组 1-9,text,true,,223,138,20,20,http://127.0.0.1:8082/api/v1/test/query?id=1,13,0,0
1705927514027,13,HTTP请求,200,,线程组 1-13,text,true,,223,138,20,20,http://127.0.0.1:8082/api/v1/test/query?id=1,12,0,0
1705927514028,13,HTTP请求,200,,线程组 1-16,text,true,,223,138,20,20,http://127.0.0.1:8082/api/v1/test/query?id=1,12,0,0
1705927514028,13,HTTP请求,200,,线程组 1-4,text,true,,223,138,20,20,http://127.0.0.1:8082/api/v1/test/query?id=1,12,0,0
1705927514031,11,HTTP请求,200,,线程组 1-20,text,true,,223,138,20,20,http://127.0.0.1:8082/api/v1/test/query?id=1,10,0,0
1705927514031,15,HTTP请求,200,,线程组 1-18,text,true,,223,138,20,20,http://127.0.0.1:8082/api/v1/test/query?id=1,12,0,0
1705927514032,14,HTTP请求,200,,线程组 1-7,text,true,,223,138,20,20,http://127.0.0.1:8082/api/v1/test/query?id=1,12,0,0
1705927514039,10,HTTP请求,200,,线程组 1-6,text,true,,223,138,20,20,http://127.0.0.1:8082/api/v1/test/query?id=1,10,0,0
1705927514039,12,HTTP请求,200,,线程组 1-19,text,true,,223,138,20,20,http://127.0.0.1:8082/api/v1/test/query?id=1,10,0,0
1705927514035,15,HTTP请求,200,,线程组 1-10,text,true,,223,138,20,20,http://127.0.0.1:8082/api/v1/test/query?id=1,14,0,0
1705927514040,11,HTTP请求,200,,线程组 1-11,text,true,,223,138,20,20,http://127.0.0.1:8082/api/v1/test/query?id=1,9,0,0
1705927514039,13,HTTP请求,200,,线程组 1-3,text,true,,223,138,20,20,http://127.0.0.1:8082/api/v1/test/query?id=1,12,0,0
1705927514039,14,HTTP请求,200,,线程组 1-17,text,true,,223,138,20,20,http://127.0.0.1:8082/api/v1/test/query?id=1,14,0,0
1705927514041,11,HTTP请求,200,,线程组 1-14,text,true,,223,138,20,20,http://127.0.0.1:8082/api/v1/test/query?id=1,10,0,0
1705927514040,16,HTTP请求,200,,线程组 1-1,text,true,,223,138,20,20,http://127.0.0.1:8082/api/v1/test/query?id=1,15,0,0
1705927514043,13,HTTP请求,200,,线程组 1-16,text,true,,223,138,20,20,http://127.0.0.1:8082/api/v1/test/query?id=1,12,0,0
1705927514040,16,HTTP请求,200,,线程组 1-2,text,true,,223,138,20,20,http://127.0.0.1:8082/api/v1/test/query?id=1,15,0,0
1705927514042,14,HTTP请求,200,,线程组 1-13,text,true,,223,138,20,20,http://127.0.0.1:8082/api/v1/test/query?id=1,13,0,0
1705927514038,18,HTTP请求,200,,线程组 1-8,text,true,,223,138,20,20,http://127.0.0.1:8082/api/v1/test/query?id=1,18,0,0
1705927514038,18,HTTP请求,200,,线程组 1-12,text,true,,223,138,20,20,http://127.0.0.1:8082/api/v1/test/query?id=1,18,0,0
1705927514042,16,HTTP请求,200,,线程组 1-5,text,true,,223,138,19,19,http://127.0.0.1:8082/api/v1/test/query?id=1,15,0,0
1705927514042,17,HTTP请求,200,,线程组 1-15,text,true,,223,138,15,15,http://127.0.0.1:8082/api/v1/test/query?id=1,15,0,0
1705927514044,15,HTTP请求,200,,线程组 1-20,text,true,,223,138,14,14,http://127.0.0.1:8082/api/v1/test/query?id=1,13,0,0
1705927514049,11,HTTP请求,200,,线程组 1-18,text,true,,223,138,14,14,http://127.0.0.1:8082/api/v1/test/query?id=1,10,0,0
1705927514042,19,HTTP请求,200,,线程组 1-9,text,true,,223,138,13,13,http://127.0.0.1:8082/api/v1/test/query?id=1,17,0,0
1705927514047,17,HTTP请求,200,,线程组 1-4,text,true,,223,138,12,12,http://127.0.0.1:8082/api/v1/test/query?id=1,15,0,0
1705927514050,15,HTTP请求,200,,线程组 1-7,text,true,,223,138,12,12,http://127.0.0.1:8082/api/v1/test/query?id=1,15,0,0
1705927514054,11,HTTP请求,200,,线程组 1-11,text,true,,223,138,12,12,http://127.0.0.1:8082/api/v1/test/query?id=1,10,0,0
1705927514056,9,HTTP请求,200,,线程组 1-17,text,true,,223,138,11,11,http://127.0.0.1:8082/api/v1/test/query?id=1,8,0,0
1705927514059,7,HTTP请求,200,,线程组 1-13,text,true,,223,138,9,9,http://127.0.0.1:8082/api/v1/test/query?id=1,7,0,0
1705927514056,11,HTTP请求,200,,线程组 1-14,text,true,,223,138,9,9,http://127.0.0.1:8082/api/v1/test/query?id=1,9,0,0
1705927514053,14,HTTP请求,200,,线程组 1-19,text,true,,223,138,9,9,http://127.0.0.1:8082/api/v1/test/query?id=1,12,0,0
1705927514062,7,HTTP请求,200,,线程组 1-20,text,true,,223,138,5,5,http://127.0.0.1:8082/api/v1/test/query?id=1,7,0,0
1705927514062,7,HTTP请求,200,,线程组 1-18,text,true,,223,138,5,5,http://127.0.0.1:8082/api/v1/test/query?id=1,7,0,0
1705927514059,10,HTTP请求,200,,线程组 1-12,text,true,,223,138,5,5,http://127.0.0.1:8082/api/v1/test/query?id=1,10,0,0
1705927514059,10,HTTP请求,200,,线程组 1-16,text,true,,223,138,5,5,http://127.0.0.1:8082/api/v1/test/query?id=1,10,0,0
1705927514062,7,HTTP请求,200,,线程组 1-15,text,true,,223,138,5,5,http://127.0.0.1:8082/api/v1/test/query?id=1,7,0,0
